X,Y,Name of labelling category,Type of projection,image path
14.491738,17.965843,CherryTomatoes,tomato,/home/featurize/data/val/Cherrytomatoes/100.jpeg
35.48245,16.113968,CherryTomatoes,CherryTomatoes,/home/featurize/data/val/Cherrytomatoes/102.jpeg
24.918043,26.169832,CherryTomatoes,CherryTomatoes,/home/featurize/data/val/Cherrytomatoes/114.jpg
23.7949,16.87696,CherryTomatoes,CherryTomatoes,/home/featurize/data/val/Cherrytomatoes/12.jpg
23.732021,23.030283,CherryTomatoes,tomato,/home/featurize/data/val/Cherrytomatoes/132.png
24.763975,12.584775,CherryTomatoes,CherryTomatoes,/home/featurize/data/val/Cherrytomatoes/135.jpeg
19.827309,9.224159,CherryTomatoes,CherryTomatoes,/home/featurize/data/val/Cherrytomatoes/138.jpeg
32.232918,20.54701,CherryTomatoes,CherryTomatoes,/home/featurize/data/val/Cherrytomatoes/144.jpeg
45.76295,11.363852,CherryTomatoes,cherries,/home/featurize/data/val/Cherrytomatoes/150.jpg
29.479416,18.234837,CherryTomatoes,CherryTomatoes,/home/featurize/data/val/Cherrytomatoes/151.jpg
20.831316,16.850945,CherryTomatoes,tomato,/home/featurize/data/val/Cherrytomatoes/161.jpg
24.972155,21.363752,CherryTomatoes,CherryTomatoes,/home/featurize/data/val/Cherrytomatoes/163.jpg
25.795162,16.015764,CherryTomatoes,CherryTomatoes,/home/featurize/data/val/Cherrytomatoes/175.png
-18.397068,23.849327,CherryTomatoes,NavelOrange,/home/featurize/data/val/Cherrytomatoes/181.jpg
24.896292,11.504844,CherryTomatoes,CherryTomatoes,/home/featurize/data/val/Cherrytomatoes/182.jpg
-10.455547,22.261282,CherryTomatoes,NavelOrange,/home/featurize/data/val/Cherrytomatoes/191.jpg
19.882874,16.175016,CherryTomatoes,CherryTomatoes,/home/featurize/data/val/Cherrytomatoes/196.jpg
27.92817,16.974758,CherryTomatoes,CherryTomatoes,/home/featurize/data/val/Cherrytomatoes/22.jpg
27.894226,19.862495,CherryTomatoes,CherryTomatoes,/home/featurize/data/val/Cherrytomatoes/26.jpg
-8.541222,14.364853,CherryTomatoes,NavelOrange,/home/featurize/data/val/Cherrytomatoes/27.jpg
18.940825,16.07223,CherryTomatoes,CherryTomatoes,/home/featurize/data/val/Cherrytomatoes/28.jpg
27.156641,18.947466,CherryTomatoes,CherryTomatoes,/home/featurize/data/val/Cherrytomatoes/31.jpg
-4.670794,26.270828,CherryTomatoes,Sandsugaroranges,/home/featurize/data/val/Cherrytomatoes/35.jpg
34.592342,15.621084,CherryTomatoes,CherryTomatoes,/home/featurize/data/val/Cherrytomatoes/39.jpeg
25.186745,16.686405,CherryTomatoes,CherryTomatoes,/home/featurize/data/val/Cherrytomatoes/42.jpg
30.753212,20.154451,CherryTomatoes,CherryTomatoes,/home/featurize/data/val/Cherrytomatoes/44.jpg
30.782227,21.06353,CherryTomatoes,CherryTomatoes,/home/featurize/data/val/Cherrytomatoes/48.jpeg
23.36316,17.960735,CherryTomatoes,tomato,/home/featurize/data/val/Cherrytomatoes/53.jpg
22.062588,16.41101,CherryTomatoes,CherryTomatoes,/home/featurize/data/val/Cherrytomatoes/56.jpg
-7.1154323,25.522156,CherryTomatoes,Sandsugaroranges,/home/featurize/data/val/Cherrytomatoes/58.jpg
42.212646,9.344417,CherryTomatoes,cherries,/home/featurize/data/val/Cherrytomatoes/60.jpeg
21.117878,21.307976,CherryTomatoes,CherryTomatoes,/home/featurize/data/val/Cherrytomatoes/61.jpg
26.063986,18.751545,CherryTomatoes,CherryTomatoes,/home/featurize/data/val/Cherrytomatoes/63.jpg
27.62342,21.73459,CherryTomatoes,CherryTomatoes,/home/featurize/data/val/Cherrytomatoes/65.jpg
31.928598,21.23046,CherryTomatoes,CherryTomatoes,/home/featurize/data/val/Cherrytomatoes/71.jpeg
22.74195,13.972691,CherryTomatoes,CherryTomatoes,/home/featurize/data/val/Cherrytomatoes/72.jpg
26.756283,18.102455,CherryTomatoes,CherryTomatoes,/home/featurize/data/val/Cherrytomatoes/76.jpg
20.660059,22.757029,CherryTomatoes,CherryTomatoes,/home/featurize/data/val/Cherrytomatoes/88.jpg
23.352142,0.4852266,Mangosteen,Mangosteen,/home/featurize/data/val/Mangosteen/101.jpg
-11.688659,-16.428768,Mangosteen,lichee,/home/featurize/data/val/Mangosteen/105.jpg
22.436937,-0.31675455,Mangosteen,Mangosteen,/home/featurize/data/val/Mangosteen/107.jpeg
20.699503,-0.4021331,Mangosteen,Mangosteen,/home/featurize/data/val/Mangosteen/112.jpg
-7.130433,-16.60271,Mangosteen,lichee,/home/featurize/data/val/Mangosteen/114.jpg
46.08318,-10.319853,Mangosteen,Mangosteen,/home/featurize/data/val/Mangosteen/129.jpg
46.008633,-8.006985,Mangosteen,Mangosteen,/home/featurize/data/val/Mangosteen/140.jpg
43.984352,-11.361944,Mangosteen,Mangosteen,/home/featurize/data/val/Mangosteen/143.jpg
45.407764,-9.339078,Mangosteen,Mangosteen,/home/featurize/data/val/Mangosteen/144.jpg
44.443455,-8.078735,Mangosteen,Mangosteen,/home/featurize/data/val/Mangosteen/148.jpeg
43.013824,-7.372018,Mangosteen,Mangosteen,/home/featurize/data/val/Mangosteen/149.png
42.154583,-8.633951,Mangosteen,Mangosteen,/home/featurize/data/val/Mangosteen/16.jpg
-14.088548,-16.8639,Mangosteen,kiwi,/home/featurize/data/val/Mangosteen/162.jpeg
45.11656,-7.1600847,Mangosteen,Mangosteen,/home/featurize/data/val/Mangosteen/166.jpg
44.823868,-9.222834,Mangosteen,Mangosteen,/home/featurize/data/val/Mangosteen/173.jpg
41.982998,-10.444905,Mangosteen,Mangosteen,/home/featurize/data/val/Mangosteen/174.jpg
43.03297,-8.039708,Mangosteen,Mangosteen,/home/featurize/data/val/Mangosteen/178.jpg
43.369324,-0.8711012,Mangosteen,cherries,/home/featurize/data/val/Mangosteen/181.jpg
42.77836,-11.974896,Mangosteen,Mangosteen,/home/featurize/data/val/Mangosteen/194.jpg
46.83999,-11.820869,Mangosteen,Mangosteen,/home/featurize/data/val/Mangosteen/2.jpg
39.942493,-8.369745,Mangosteen,Mangosteen,/home/featurize/data/val/Mangosteen/24.jpg
45.309464,-3.6690507,Mangosteen,Mangosteen,/home/featurize/data/val/Mangosteen/25.jpg
22.467804,-10.485578,Mangosteen,grape,/home/featurize/data/val/Mangosteen/33.jpg
42.025093,-7.865684,Mangosteen,Mangosteen,/home/featurize/data/val/Mangosteen/35.jpg
42.891914,-1.353833,Mangosteen,Mangosteen,/home/featurize/data/val/Mangosteen/4.jpg
45.284626,-12.392186,Mangosteen,Mangosteen,/home/featurize/data/val/Mangosteen/47.jpg
47.15888,-8.422479,Mangosteen,Mangosteen,/home/featurize/data/val/Mangosteen/5.jpg
46.56098,-10.236769,Mangosteen,Mangosteen,/home/featurize/data/val/Mangosteen/58.jpg
54.269604,10.066667,Mangosteen,cherries,/home/featurize/data/val/Mangosteen/63.jpg
44.77901,-10.831841,Mangosteen,Mangosteen,/home/featurize/data/val/Mangosteen/77.jpg
22.05494,-0.7235659,Mangosteen,Mangosteen,/home/featurize/data/val/Mangosteen/78.jpg
21.443386,0.4492361,Mangosteen,Mangosteen,/home/featurize/data/val/Mangosteen/79.jpg
31.161509,16.464931,Mangosteen,CherryTomatoes,/home/featurize/data/val/Mangosteen/87.jpg
45.787678,-11.379713,Mangosteen,Mangosteen,/home/featurize/data/val/Mangosteen/89.jpg
42.788807,-11.152586,Mangosteen,Mangosteen,/home/featurize/data/val/Mangosteen/91.jpeg
-13.268005,-28.690563,MomordicaCharantia,MomordicaCharantia,/home/featurize/data/val/MomordicaCharantia/105.jpg
-12.563469,-23.652431,MomordicaCharantia,MomordicaCharantia,/home/featurize/data/val/MomordicaCharantia/107.jpeg
-9.652436,-36.0854,MomordicaCharantia,MomordicaCharantia,/home/featurize/data/val/MomordicaCharantia/122.jpg
-15.511847,-28.908142,MomordicaCharantia,cucumber,/home/featurize/data/val/MomordicaCharantia/126.jpg
-9.6012,-31.967743,MomordicaCharantia,MomordicaCharantia,/home/featurize/data/val/MomordicaCharantia/134.jpg
-4.8763833,-25.913866,MomordicaCharantia,MomordicaCharantia,/home/featurize/data/val/MomordicaCharantia/135.jpeg
-7.9624195,-36.50422,MomordicaCharantia,MomordicaCharantia,/home/featurize/data/val/MomordicaCharantia/136.jpg
-6.7097692,-37.503143,MomordicaCharantia,MomordicaCharantia,/home/featurize/data/val/MomordicaCharantia/148.jpg
-10.075133,-39.24987,MomordicaCharantia,MomordicaCharantia,/home/featurize/data/val/MomordicaCharantia/150.jpg
-9.794852,-36.967243,MomordicaCharantia,MomordicaCharantia,/home/featurize/data/val/MomordicaCharantia/154.jpg
-6.940578,-32.567554,MomordicaCharantia,MomordicaCharantia,/home/featurize/data/val/MomordicaCharantia/158.jpg
-3.7215726,-28.594652,MomordicaCharantia,watermelon,/home/featurize/data/val/MomordicaCharantia/161.jpg
-3.6871674,-28.692188,MomordicaCharantia,CherryTomatoes,/home/featurize/data/val/MomordicaCharantia/167.jpg
-14.636308,-27.434477,MomordicaCharantia,cucumber,/home/featurize/data/val/MomordicaCharantia/171.jpg
-8.077069,-28.918865,MomordicaCharantia,MomordicaCharantia,/home/featurize/data/val/MomordicaCharantia/175.jpg
-2.7326732,-23.681301,MomordicaCharantia,MomordicaCharantia,/home/featurize/data/val/MomordicaCharantia/183.jpg
-2.9485643,-23.278454,MomordicaCharantia,MomordicaCharantia,/home/featurize/data/val/MomordicaCharantia/185.jpeg
-0.8394376,-26.234346,MomordicaCharantia,MomordicaCharantia,/home/featurize/data/val/MomordicaCharantia/188.jpg
-11.165087,-38.10509,MomordicaCharantia,MomordicaCharantia,/home/featurize/data/val/MomordicaCharantia/19.jpg
-8.316621,-26.430914,MomordicaCharantia,MomordicaCharantia,/home/featurize/data/val/MomordicaCharantia/193.jpg
-12.236927,-22.211143,MomordicaCharantia,cucumber,/home/featurize/data/val/MomordicaCharantia/194.jpg
-11.609365,-33.37973,MomordicaCharantia,cucumber,/home/featurize/data/val/MomordicaCharantia/20.jpg
-9.484047,-32.90009,MomordicaCharantia,MomordicaCharantia,/home/featurize/data/val/MomordicaCharantia/21.jpg
-12.380436,-27.093098,MomordicaCharantia,MomordicaCharantia,/home/featurize/data/val/MomordicaCharantia/29.jpeg
-10.521287,1.9552141,MomordicaCharantia,Sandsugaroranges,/home/featurize/data/val/MomordicaCharantia/4.jpg
-17.902004,-35.924038,MomordicaCharantia,MomordicaCharantia,/home/featurize/data/val/MomordicaCharantia/41.jpeg
-10.985619,-35.91002,MomordicaCharantia,MomordicaCharantia,/home/featurize/data/val/MomordicaCharantia/43.jpg
-8.431982,-37.30118,MomordicaCharantia,MomordicaCharantia,/home/featurize/data/val/MomordicaCharantia/48.jpg
-18.149076,-34.17897,MomordicaCharantia,MomordicaCharantia,/home/featurize/data/val/MomordicaCharantia/53.jpg
-9.80673,-24.86029,MomordicaCharantia,MomordicaCharantia,/home/featurize/data/val/MomordicaCharantia/69.jpg
-5.5358214,-25.193907,MomordicaCharantia,MomordicaCharantia,/home/featurize/data/val/MomordicaCharantia/7.jpg
-11.537682,-38.91919,MomordicaCharantia,MomordicaCharantia,/home/featurize/data/val/MomordicaCharantia/72.jpg
-6.577492,-14.615835,MomordicaCharantia,MomordicaCharantia,/home/featurize/data/val/MomordicaCharantia/80.jpg
-11.516008,-36.900925,MomordicaCharantia,MomordicaCharantia,/home/featurize/data/val/MomordicaCharantia/81.jpeg
-12.955226,-36.491776,MomordicaCharantia,MomordicaCharantia,/home/featurize/data/val/MomordicaCharantia/95.jpg
-16.908886,14.702427,NavelOrange,NavelOrange,/home/featurize/data/val/NavelOrange/101.jpg
-3.0979304,23.96323,NavelOrange,NavelOrange,/home/featurize/data/val/NavelOrange/105.jpg
-20.04977,18.305101,NavelOrange,NavelOrange,/home/featurize/data/val/NavelOrange/109.jpg
-4.945465,31.092493,NavelOrange,Sandsugaroranges,/home/featurize/data/val/NavelOrange/123.jpg
-16.54345,22.808626,NavelOrange,NavelOrange,/home/featurize/data/val/NavelOrange/124.jpg
-18.759434,-23.209381,NavelOrange,cucumber,/home/featurize/data/val/NavelOrange/13.jpg
-3.6774564,29.849771,NavelOrange,Sandsugaroranges,/home/featurize/data/val/NavelOrange/135.jpg
-3.4179404,31.793299,NavelOrange,Sandsugaroranges,/home/featurize/data/val/NavelOrange/142.jpg
-9.78709,26.432213,NavelOrange,NavelOrange,/home/featurize/data/val/NavelOrange/145.jpg
-7.758721,15.343777,NavelOrange,carrot,/home/featurize/data/val/NavelOrange/147.jpg
-23.181612,19.51865,NavelOrange,lemon,/home/featurize/data/val/NavelOrange/148.jpg
-24.728817,19.828485,NavelOrange,mango,/home/featurize/data/val/NavelOrange/155.jpg
-19.523935,-23.642849,NavelOrange,hamimelon,/home/featurize/data/val/NavelOrange/16.jpg
-9.163169,28.902283,NavelOrange,NavelOrange,/home/featurize/data/val/NavelOrange/161.jpg
-9.5080805,27.265467,NavelOrange,NavelOrange,/home/featurize/data/val/NavelOrange/162.jpg
-19.532959,22.817318,NavelOrange,NavelOrange,/home/featurize/data/val/NavelOrange/168.jpeg
-4.6766963,27.252598,NavelOrange,Sandsugaroranges,/home/featurize/data/val/NavelOrange/173.jpg
-15.159698,23.91922,NavelOrange,NavelOrange,/home/featurize/data/val/NavelOrange/178.jpg
4.3612046,24.65776,NavelOrange,Sandsugaroranges,/home/featurize/data/val/NavelOrange/179.jpg
-8.170125,28.784063,NavelOrange,NavelOrange,/home/featurize/data/val/NavelOrange/181.jpg
-12.707416,20.868757,NavelOrange,NavelOrange,/home/featurize/data/val/NavelOrange/184.jpg
-5.590068,30.006643,NavelOrange,Sandsugaroranges,/home/featurize/data/val/NavelOrange/185.jpg
-19.681181,21.553303,NavelOrange,NavelOrange,/home/featurize/data/val/NavelOrange/19.jpg
-19.474295,23.241407,NavelOrange,mango,/home/featurize/data/val/NavelOrange/191.jpg
-5.176327,28.533503,NavelOrange,Sandsugaroranges,/home/featurize/data/val/NavelOrange/21.jpg
-22.905912,-23.76637,NavelOrange,MomordicaCharantia,/home/featurize/data/val/NavelOrange/29.jpeg
-18.025244,-23.070072,NavelOrange,cucumber,/home/featurize/data/val/NavelOrange/3.jpg
-6.5089226,28.894001,NavelOrange,NavelOrange,/home/featurize/data/val/NavelOrange/36.jpeg
-8.57445,19.281927,NavelOrange,NavelOrange,/home/featurize/data/val/NavelOrange/46.jpg
-3.2153926,30.796518,NavelOrange,Sandsugaroranges,/home/featurize/data/val/NavelOrange/51.jpg
-22.568039,20.3797,NavelOrange,NavelOrange,/home/featurize/data/val/NavelOrange/54.jpg
-21.139566,20.517063,NavelOrange,NavelOrange,/home/featurize/data/val/NavelOrange/59.jpeg
-8.18676,27.164133,NavelOrange,NavelOrange,/home/featurize/data/val/NavelOrange/60.jpg
-2.5826168,23.34767,NavelOrange,lemon,/home/featurize/data/val/NavelOrange/62.jpg
-7.7274036,27.721504,NavelOrange,NavelOrange,/home/featurize/data/val/NavelOrange/66.jpg
-8.311525,16.667246,NavelOrange,carrot,/home/featurize/data/val/NavelOrange/67.jpg
-10.133958,-3.9885957,NavelOrange,NavelOrange,/home/featurize/data/val/NavelOrange/75.jpg
-15.365565,26.343477,Sandsugaroranges,Sandsugaroranges,/home/featurize/data/val/Sandsugaroranges/101.jpg
1.0469348,22.92405,Sandsugaroranges,Sandsugaroranges,/home/featurize/data/val/Sandsugaroranges/103.jpg
-7.9113693,10.838041,Sandsugaroranges,Sandsugaroranges,/home/featurize/data/val/Sandsugaroranges/104.jpg
-0.41847646,26.090755,Sandsugaroranges,Sandsugaroranges,/home/featurize/data/val/Sandsugaroranges/110.jpg
-9.272148,22.102715,Sandsugaroranges,NavelOrange,/home/featurize/data/val/Sandsugaroranges/112.jpg
-16.085854,27.18742,Sandsugaroranges,Sandsugaroranges,/home/featurize/data/val/Sandsugaroranges/113.jpg
-7.6094,18.490982,Sandsugaroranges,carrot,/home/featurize/data/val/Sandsugaroranges/128.jpg
-2.0411758,33.159084,Sandsugaroranges,Sandsugaroranges,/home/featurize/data/val/Sandsugaroranges/130.jpg
-7.07295,21.57333,Sandsugaroranges,NavelOrange,/home/featurize/data/val/Sandsugaroranges/132.jpg
-7.9503484,24.44238,Sandsugaroranges,Sandsugaroranges,/home/featurize/data/val/Sandsugaroranges/155.png
-2.1705277,29.067707,Sandsugaroranges,Sandsugaroranges,/home/featurize/data/val/Sandsugaroranges/163.jpg
2.1479428,22.574467,Sandsugaroranges,Sandsugaroranges,/home/featurize/data/val/Sandsugaroranges/164.jpg
-4.7624626,29.833105,Sandsugaroranges,Sandsugaroranges,/home/featurize/data/val/Sandsugaroranges/177.jpg
-15.570412,27.76114,Sandsugaroranges,Sandsugaroranges,/home/featurize/data/val/Sandsugaroranges/180.jpg
-14.545121,26.29094,Sandsugaroranges,Sandsugaroranges,/home/featurize/data/val/Sandsugaroranges/183.jpg
-8.976946,23.370949,Sandsugaroranges,Sandsugaroranges,/home/featurize/data/val/Sandsugaroranges/193.jpg
-6.6339455,22.922028,Sandsugaroranges,Sandsugaroranges,/home/featurize/data/val/Sandsugaroranges/194.jpg
-9.420751,21.325958,Sandsugaroranges,Sandsugaroranges,/home/featurize/data/val/Sandsugaroranges/25.jpg
1.5164968,28.853771,Sandsugaroranges,Sandsugaroranges,/home/featurize/data/val/Sandsugaroranges/28.jpg
-5.944967,27.749586,Sandsugaroranges,Sandsugaroranges,/home/featurize/data/val/Sandsugaroranges/29.jpg
1.1381587,28.947767,Sandsugaroranges,Sandsugaroranges,/home/featurize/data/val/Sandsugaroranges/35.jpg
-1.1312003,29.094482,Sandsugaroranges,Sandsugaroranges,/home/featurize/data/val/Sandsugaroranges/38.png
0.23701759,22.590937,Sandsugaroranges,Sandsugaroranges,/home/featurize/data/val/Sandsugaroranges/43.jpeg
-5.830682,30.772095,Sandsugaroranges,Sandsugaroranges,/home/featurize/data/val/Sandsugaroranges/44.jpg
-4.8196087,17.65173,Sandsugaroranges,carrot,/home/featurize/data/val/Sandsugaroranges/49.jpg
-10.185725,22.736322,Sandsugaroranges,NavelOrange,/home/featurize/data/val/Sandsugaroranges/5.jpg
0.07693237,29.063349,Sandsugaroranges,Sandsugaroranges,/home/featurize/data/val/Sandsugaroranges/55.jpg
-2.5298615,32.714935,Sandsugaroranges,Sandsugaroranges,/home/featurize/data/val/Sandsugaroranges/58.jpg
-3.0707815,28.249506,Sandsugaroranges,Sandsugaroranges,/home/featurize/data/val/Sandsugaroranges/6.png
-6.834825,23.74533,Sandsugaroranges,Sandsugaroranges,/home/featurize/data/val/Sandsugaroranges/60.jpg
-11.161371,25.616241,Sandsugaroranges,NavelOrange,/home/featurize/data/val/Sandsugaroranges/62.jpg
8.307814,20.921528,Sandsugaroranges,Sandsugaroranges,/home/featurize/data/val/Sandsugaroranges/63.jpg
-4.3038163,28.421246,Sandsugaroranges,Sandsugaroranges,/home/featurize/data/val/Sandsugaroranges/77.jpeg
-6.168454,24.028934,Sandsugaroranges,Sandsugaroranges,/home/featurize/data/val/Sandsugaroranges/78.jpg
0.99015754,23.956963,Sandsugaroranges,Sandsugaroranges,/home/featurize/data/val/Sandsugaroranges/97.jpeg
22.12209,-9.35882,apple,apple,/home/featurize/data/val/apple/10.jpg
-38.09794,1.9494503,apple,apple,/home/featurize/data/val/apple/107.jpg
12.932304,-2.687015,apple,apple,/home/featurize/data/val/apple/109.jpg
11.361901,-2.142454,apple,apple,/home/featurize/data/val/apple/110.jpg
23.278736,-4.444489,apple,apple,/home/featurize/data/val/apple/114.jpg
14.704691,-0.6483642,apple,apple,/home/featurize/data/val/apple/119.jpg
28.514397,-23.628637,apple,pitaya,/home/featurize/data/val/apple/12.jpg
16.831913,-3.9311135,apple,apple,/home/featurize/data/val/apple/124.jpg
26.557371,2.7866101,apple,apple,/home/featurize/data/val/apple/128.jpg
15.094481,-4.2756867,apple,apple,/home/featurize/data/val/apple/13.jpg
11.858416,-1.2336047,apple,apple,/home/featurize/data/val/apple/133.jpg
-20.155226,16.454752,apple,NavelOrange,/home/featurize/data/val/apple/134.jpg
9.648007,-4.4037175,apple,apple,/home/featurize/data/val/apple/139.jpg
14.821704,-0.5120237,apple,apple,/home/featurize/data/val/apple/140.jpg
13.306587,-4.15647,apple,apple,/home/featurize/data/val/apple/158.jpg
10.070903,0.18160245,apple,apple,/home/featurize/data/val/apple/163.jpg
11.61887,-4.515583,apple,apple,/home/featurize/data/val/apple/166.jpg
10.506728,-4.828507,apple,apple,/home/featurize/data/val/apple/169.jpg
12.329077,-3.3454695,apple,apple,/home/featurize/data/val/apple/172.jpg
10.813128,-3.0294487,apple,apple,/home/featurize/data/val/apple/177.jpg
10.68419,-4.095353,apple,apple,/home/featurize/data/val/apple/18.jpg
19.12344,-2.9244146,apple,apple,/home/featurize/data/val/apple/180.jpg
18.237555,-1.6588452,apple,apple,/home/featurize/data/val/apple/21.jpg
17.75803,-4.2918134,apple,apple,/home/featurize/data/val/apple/24.jpg
18.59233,-2.82799,apple,pitaya,/home/featurize/data/val/apple/26.jpg
21.818922,-6.490198,apple,apple,/home/featurize/data/val/apple/27.jpg
20.382639,-6.9478974,apple,apple,/home/featurize/data/val/apple/47.jpg
21.293589,-10.467079,apple,mango,/home/featurize/data/val/apple/62.jpg
18.644178,12.44877,apple,CherryTomatoes,/home/featurize/data/val/apple/72.jpg
13.858477,-4.1815677,apple,apple,/home/featurize/data/val/apple/74.jpg
17.761515,-7.326594,apple,watermelon,/home/featurize/data/val/apple/75.jpg
29.05256,-24.032238,apple,pitaya,/home/featurize/data/val/apple/78.jpg
-22.229168,-1.7196497,apple,apple,/home/featurize/data/val/apple/79.jpg
-9.277863,-17.118956,apple,pomegranate,/home/featurize/data/val/apple/80.jpg
24.84397,-4.9385586,apple,pomegranate,/home/featurize/data/val/apple/9.jpg
-12.735834,17.039045,banana,mango,/home/featurize/data/val/banana/1.jpg
-9.187703,-37.83191,banana,MomordicaCharantia,/home/featurize/data/val/banana/100.jpg
-5.037545,7.0493793,banana,carrot,/home/featurize/data/val/banana/109.jpg
-31.6406,5.256106,banana,lemon,/home/featurize/data/val/banana/111.jpg
-33.25899,6.1104035,banana,pear,/home/featurize/data/val/banana/119.jpg
-20.509771,2.1090062,banana,mango,/home/featurize/data/val/banana/120.jpg
-12.840194,-0.35335094,banana,NavelOrange,/home/featurize/data/val/banana/123.jpg
-35.48994,-4.7791996,banana,pear,/home/featurize/data/val/banana/129.jpg
-34.83933,5.220832,banana,lemon,/home/featurize/data/val/banana/130.png
-34.120815,12.00245,banana,mango,/home/featurize/data/val/banana/134.jpg
-36.318462,-12.3149,banana,pear,/home/featurize/data/val/banana/143.jpg
-40.721924,-6.0742,banana,pear,/home/featurize/data/val/banana/147.jpeg
-13.235645,-19.759218,banana,cucumber,/home/featurize/data/val/banana/149.jpg
-23.037296,7.037541,banana,lemon,/home/featurize/data/val/banana/15.jpg
-33.267723,3.4095054,banana,pear,/home/featurize/data/val/banana/150.jpg
-32.767666,7.405602,banana,pear,/home/featurize/data/val/banana/153.jpg
-12.082063,-27.696257,banana,MomordicaCharantia,/home/featurize/data/val/banana/16.jpg
-35.012897,6.3613214,banana,banana,/home/featurize/data/val/banana/168.jpg
-13.185531,-6.028935,banana,pineapple,/home/featurize/data/val/banana/169.jpg
-32.605076,12.397652,banana,mango,/home/featurize/data/val/banana/171.jpg
-23.288391,-2.821712,banana,pear,/home/featurize/data/val/banana/173.jpg
-22.832829,4.0551996,banana,mango,/home/featurize/data/val/banana/177.jpg
-35.426964,7.4316216,banana,lemon,/home/featurize/data/val/banana/188.jpg
-35.564556,14.2075815,banana,banana,/home/featurize/data/val/banana/197.jpg
-13.428888,-6.4609327,banana,longan,/home/featurize/data/val/banana/199.jpg
-34.063248,8.458185,banana,banana,/home/featurize/data/val/banana/21.jpg
-20.42447,4.224989,banana,pear,/home/featurize/data/val/banana/29.jpg
-35.86365,6.3536296,banana,lemon,/home/featurize/data/val/banana/3.png
-36.49948,8.664524,banana,mango,/home/featurize/data/val/banana/31.jpg
-12.563312,-2.780668,banana,lemon,/home/featurize/data/val/banana/33.png
-41.638813,-7.8489103,banana,mango,/home/featurize/data/val/banana/37.jpg
-11.330901,-28.187622,banana,MomordicaCharantia,/home/featurize/data/val/banana/44.jpg
-32.19486,-4.5777087,banana,pear,/home/featurize/data/val/banana/48.jpg
-33.548046,4.798555,banana,banana,/home/featurize/data/val/banana/59.jpg
-32.429905,7.9908175,banana,pear,/home/featurize/data/val/banana/62.jpg
-21.69521,4.5400195,banana,mango,/home/featurize/data/val/banana/72.jpg
14.963458,8.439635,carrot,pomegranate,/home/featurize/data/val/carrot/10.jpg
-1.5949023,10.0683975,carrot,carrot,/home/featurize/data/val/carrot/106.jpg
4.3855987,24.280037,carrot,Sandsugaroranges,/home/featurize/data/val/carrot/108.jpg
-6.3582206,15.65499,carrot,carrot,/home/featurize/data/val/carrot/11.jpg
2.8389533,27.853258,carrot,Sandsugaroranges,/home/featurize/data/val/carrot/111.jpg
-10.820515,17.773914,carrot,mango,/home/featurize/data/val/carrot/114.jpeg
5.1770144,8.7990885,carrot,carrot,/home/featurize/data/val/carrot/116.jpg
-2.3284647,11.072183,carrot,Sandsugaroranges,/home/featurize/data/val/carrot/121.jpg
-7.638547,-38.43775,carrot,cucumber,/home/featurize/data/val/carrot/128.jpg
-0.5221511,7.2500544,carrot,carrot,/home/featurize/data/val/carrot/138.jpg
-6.8343534,20.70336,carrot,carrot,/home/featurize/data/val/carrot/150.jpg
-4.7176356,19.967047,carrot,carrot,/home/featurize/data/val/carrot/160.jpg
3.1886365,17.268406,carrot,Sandsugaroranges,/home/featurize/data/val/carrot/167.jpg
-6.4938855,14.421698,carrot,carrot,/home/featurize/data/val/carrot/175.jpg
-2.890069,11.943618,carrot,carrot,/home/featurize/data/val/carrot/181.jpg
0.884947,21.713856,carrot,Sandsugaroranges,/home/featurize/data/val/carrot/186.jpeg
-4.761381,15.877313,carrot,carrot,/home/featurize/data/val/carrot/188.jpg
2.6541104,19.767973,carrot,Sandsugaroranges,/home/featurize/data/val/carrot/19.jpg
-17.799725,14.141621,carrot,mango,/home/featurize/data/val/carrot/192.jpg
-16.392681,-30.27283,carrot,pineapple,/home/featurize/data/val/carrot/196.jpg
-3.9622579,-1.1087961,carrot,pineapple,/home/featurize/data/val/carrot/20.jpg
-6.1862607,17.278534,carrot,carrot,/home/featurize/data/val/carrot/21.jpg
-5.299508,16.750246,carrot,carrot,/home/featurize/data/val/carrot/23.jpeg
-10.429173,20.115616,carrot,NavelOrange,/home/featurize/data/val/carrot/30.jpg
-5.1555715,14.946787,carrot,carrot,/home/featurize/data/val/carrot/35.jpg
5.9398556,20.828426,carrot,lichee,/home/featurize/data/val/carrot/57.jpg
-6.608861,19.517807,carrot,carrot,/home/featurize/data/val/carrot/61.jpg
-5.6933966,19.804693,carrot,carrot,/home/featurize/data/val/carrot/63.jpg
-6.894762,15.086754,carrot,carrot,/home/featurize/data/val/carrot/65.jpg
3.4080994,17.193018,carrot,carrot,/home/featurize/data/val/carrot/75.jpg
-7.7194076,-39.718864,carrot,carrot,/home/featurize/data/val/carrot/76.jpg
4.4011726,22.133362,carrot,Sandsugaroranges,/home/featurize/data/val/carrot/80.jpg
-6.85476,17.15715,carrot,carrot,/home/featurize/data/val/carrot/83.jpg
-7.0917263,16.473606,carrot,carrot,/home/featurize/data/val/carrot/85.jpg
-11.247993,25.00799,carrot,Sandsugaroranges,/home/featurize/data/val/carrot/87.jpeg
3.5866032,22.911715,carrot,Sandsugaroranges,/home/featurize/data/val/carrot/95.jpg
51.593468,6.648495,cherries,cherries,/home/featurize/data/val/cherries/100.jpg
47.341805,7.2361875,cherries,cherries,/home/featurize/data/val/cherries/11.jpeg
44.72418,1.0008769,cherries,Mangosteen,/home/featurize/data/val/cherries/128.jpg
45.431362,8.226319,cherries,cherries,/home/featurize/data/val/cherries/132.jpg
46.359802,-1.4787415,cherries,cherries,/home/featurize/data/val/cherries/146.jpg
43.11376,8.372134,cherries,pomegranate,/home/featurize/data/val/cherries/165.jpg
52.858624,8.841182,cherries,cherries,/home/featurize/data/val/cherries/17.jpg
16.177036,13.567733,cherries,CherryTomatoes,/home/featurize/data/val/cherries/171.jpg
47.670815,9.860991,cherries,cherries,/home/featurize/data/val/cherries/175.jpg
47.728817,-8.858809,cherries,Mangosteen,/home/featurize/data/val/cherries/177.jpg
49.224014,-2.226875,cherries,grape,/home/featurize/data/val/cherries/180.jpg
50.973465,7.3928084,cherries,pomegranate,/home/featurize/data/val/cherries/181.jpg
49.03128,10.725099,cherries,pomegranate,/home/featurize/data/val/cherries/182.jpg
44.843998,1.1908742,cherries,cherries,/home/featurize/data/val/cherries/187.jpg
50.676434,10.81432,cherries,cherries,/home/featurize/data/val/cherries/191.jpg
40.421043,-4.725717,cherries,apple,/home/featurize/data/val/cherries/199.jpg
45.54801,9.534712,cherries,pomegranate,/home/featurize/data/val/cherries/20.jpg
48.397717,7.9553027,cherries,cherries,/home/featurize/data/val/cherries/21.jpg
52.61608,10.182608,cherries,cherries,/home/featurize/data/val/cherries/22.jpg
49.81988,9.653745,cherries,cherries,/home/featurize/data/val/cherries/25.jpeg
53.91748,8.599094,cherries,cherries,/home/featurize/data/val/cherries/43.jpg
52.10298,9.666221,cherries,cherries,/home/featurize/data/val/cherries/59.jpg
49.19458,-1.9115894,cherries,grape,/home/featurize/data/val/cherries/70.jpg
46.375206,10.50874,cherries,cherries,/home/featurize/data/val/cherries/72.jpg
41.34849,9.379561,cherries,pomegranate,/home/featurize/data/val/cherries/73.jpg
47.224,5.9465914,cherries,cherries,/home/featurize/data/val/cherries/77.jpg
51.54301,12.625725,cherries,pomegranate,/home/featurize/data/val/cherries/83.jpeg
47.093662,8.589126,cherries,cherries,/home/featurize/data/val/cherries/91.jpg
53.933865,7.329655,cherries,cherries,/home/featurize/data/val/cherries/92.jpg
42.56879,11.679599,cherries,cherries,/home/featurize/data/val/cherries/94.jpg
50.525803,9.38623,cherries,cherries,/home/featurize/data/val/cherries/96.jpg
45.756737,-2.3671088,cherries,grape,/home/featurize/data/val/cherries/99.jpg
-10.226077,-30.637062,cucumber,cucumber,/home/featurize/data/val/cucumber/1.jpg
-15.827023,-22.300247,cucumber,cucumber,/home/featurize/data/val/cucumber/10.jpg
-11.410473,-30.824986,cucumber,cucumber,/home/featurize/data/val/cucumber/100.jpg
-10.62883,-25.986444,cucumber,cucumber,/home/featurize/data/val/cucumber/13.jpg
-16.433859,-20.708939,cucumber,cucumber,/home/featurize/data/val/cucumber/135.jpg
-14.6796255,-25.648577,cucumber,cucumber,/home/featurize/data/val/cucumber/144.jpg
-9.433702,-27.13351,cucumber,MomordicaCharantia,/home/featurize/data/val/cucumber/148.jpeg
-15.295323,-19.068174,cucumber,cucumber,/home/featurize/data/val/cucumber/152.jpg
-20.391973,-20.681463,cucumber,cucumber,/home/featurize/data/val/cucumber/161.jpg
-10.709955,-25.226473,cucumber,MomordicaCharantia,/home/featurize/data/val/cucumber/162.jpg
-9.437746,-30.468218,cucumber,MomordicaCharantia,/home/featurize/data/val/cucumber/163.jpg
-15.331661,-19.087029,cucumber,cucumber,/home/featurize/data/val/cucumber/166.jpg
-16.866674,-23.619787,cucumber,cucumber,/home/featurize/data/val/cucumber/175.jpg
-13.51726,-16.575518,cucumber,mango,/home/featurize/data/val/cucumber/188.jpg
-12.113947,-25.365404,cucumber,cucumber,/home/featurize/data/val/cucumber/199.jpeg
7.822426,20.562214,cucumber,Sandsugaroranges,/home/featurize/data/val/cucumber/200.jpeg
-14.169948,-26.557364,cucumber,cucumber,/home/featurize/data/val/cucumber/22.jpg
-20.140474,-28.323957,cucumber,cucumber,/home/featurize/data/val/cucumber/27.jpg
-13.351759,-25.673645,cucumber,cucumber,/home/featurize/data/val/cucumber/37.jpeg
-6.1472096,-24.887724,cucumber,MomordicaCharantia,/home/featurize/data/val/cucumber/40.jpg
-30.783026,-1.3303341,cucumber,cucumber,/home/featurize/data/val/cucumber/45.jpg
-9.424072,-29.28336,cucumber,MomordicaCharantia,/home/featurize/data/val/cucumber/46.jpg
-8.765809,-36.08727,cucumber,MomordicaCharantia,/home/featurize/data/val/cucumber/49.jpg
-11.806282,-24.101057,cucumber,MomordicaCharantia,/home/featurize/data/val/cucumber/52.jpg
-8.261475,-24.21421,cucumber,cucumber,/home/featurize/data/val/cucumber/54.jpg
34.554585,-9.819382,cucumber,lichee,/home/featurize/data/val/cucumber/59.jpg
-12.697754,-30.527231,cucumber,cucumber,/home/featurize/data/val/cucumber/7.jpeg
-13.853747,-23.304543,cucumber,cucumber,/home/featurize/data/val/cucumber/71.jpg
-12.801824,-28.591818,cucumber,MomordicaCharantia,/home/featurize/data/val/cucumber/74.jpg
-12.893843,-18.398542,cucumber,cucumber,/home/featurize/data/val/cucumber/76.jpg
-15.345792,-20.564575,cucumber,cucumber,/home/featurize/data/val/cucumber/87.jpg
-10.782735,-26.895864,cucumber,cucumber,/home/featurize/data/val/cucumber/9.jpg
-11.837274,-26.187803,cucumber,MomordicaCharantia,/home/featurize/data/val/cucumber/91.png
-11.292089,-34.54588,cucumber,cucumber,/home/featurize/data/val/cucumber/94.jpg
-10.18644,-28.44829,cucumber,MomordicaCharantia,/home/featurize/data/val/cucumber/97.jpg
-27.04182,10.140215,durian,durian,/home/featurize/data/val/durian/10.jpg
-27.940544,5.15936,durian,lemon,/home/featurize/data/val/durian/101.jpg
-10.616094,-2.9717581,durian,Sandsugaroranges,/home/featurize/data/val/durian/102.jpg
-24.324064,11.56887,durian,pineapple,/home/featurize/data/val/durian/106.jpg
-25.984587,-19.399933,durian,hamimelon,/home/featurize/data/val/durian/112.jpg
-19.316082,-7.6999106,durian,longan,/home/featurize/data/val/durian/135.jpg
-24.347315,2.1758995,durian,durian,/home/featurize/data/val/durian/149.jpeg
-16.437067,-30.921543,durian,durian,/home/featurize/data/val/durian/150.jpg
-24.016417,-23.10457,durian,durian,/home/featurize/data/val/durian/161.jpg
-25.99426,11.409224,durian,durian,/home/featurize/data/val/durian/163.jpg
-27.930933,8.751804,durian,pineapple,/home/featurize/data/val/durian/170.jpg
-24.758268,11.126382,durian,durian,/home/featurize/data/val/durian/181.jpg
-38.65806,4.1853194,durian,lemon,/home/featurize/data/val/durian/191.jpg
-25.19371,8.505281,durian,durian,/home/featurize/data/val/durian/198.jpg
-31.630915,9.761464,durian,banana,/home/featurize/data/val/durian/20.jpg
-21.31901,-21.434563,durian,hamimelon,/home/featurize/data/val/durian/3.jpg
-24.465967,-25.098413,durian,durian,/home/featurize/data/val/durian/36.jpg
-25.212618,-21.858017,durian,durian,/home/featurize/data/val/durian/39.jpg
-23.448816,-19.830372,durian,hamimelon,/home/featurize/data/val/durian/43.jpg
-26.900673,-25.628536,durian,durian,/home/featurize/data/val/durian/44.jpeg
-25.35857,10.316248,durian,durian,/home/featurize/data/val/durian/46.jpg
-26.045876,-23.961466,durian,durian,/home/featurize/data/val/durian/47.jpg
-26.780434,11.594386,durian,durian,/home/featurize/data/val/durian/55.jpg
-17.57629,0.93268394,durian,hamimelon,/home/featurize/data/val/durian/58.jpg
-24.477484,-20.907335,durian,hamimelon,/home/featurize/data/val/durian/71.jpg
-15.516828,-2.3697362,durian,pineapple,/home/featurize/data/val/durian/74.jpg
-23.434647,2.3032403,durian,lemon,/home/featurize/data/val/durian/75.jpg
-25.528353,8.935518,durian,durian,/home/featurize/data/val/durian/78.jpg
-17.1726,0.5722588,durian,longan,/home/featurize/data/val/durian/84.png
-23.087717,9.280148,durian,hamimelon,/home/featurize/data/val/durian/85.jpg
-30.426916,7.787547,durian,lemon,/home/featurize/data/val/durian/87.jpg
-26.379997,-24.686253,durian,durian,/home/featurize/data/val/durian/88.jpg
-27.270912,7.257408,durian,durian,/home/featurize/data/val/durian/90.jpg
-24.278551,-21.457893,durian,durian,/home/featurize/data/val/durian/91.jpg
-33.905193,9.099819,durian,lemon,/home/featurize/data/val/durian/98.jpg
-30.289185,5.1411343,durian,lemon,/home/featurize/data/val/durian/99.jpg
55.858498,0.26514572,grape,grape,/home/featurize/data/val/grape/102.jpg
53.067093,-2.3560755,grape,grape,/home/featurize/data/val/grape/110.jpg
22.456991,-12.083597,grape,grape,/home/featurize/data/val/grape/112.jpg
55.94149,-1.9454827,grape,grape,/home/featurize/data/val/grape/115.jpg
54.917004,3.9606743,grape,grape,/home/featurize/data/val/grape/13.jpeg
25.93916,-10.619996,grape,lichee,/home/featurize/data/val/grape/152.jpg
20.028152,-4.1489763,grape,pitaya,/home/featurize/data/val/grape/156.jpeg
52.720768,-2.6123316,grape,grape,/home/featurize/data/val/grape/157.jpg
53.909405,2.8893979,grape,grape,/home/featurize/data/val/grape/16.jpg
47.629982,3.791921,grape,grape,/home/featurize/data/val/grape/169.jpg
49.362106,2.725762,grape,grape,/home/featurize/data/val/grape/185.jpg
36.516293,9.18141,grape,grape,/home/featurize/data/val/grape/188.jpg
51.467476,1.3504684,grape,grape,/home/featurize/data/val/grape/194.jpg
46.619915,5.027528,grape,grape,/home/featurize/data/val/grape/2.jpg
47.856705,-4.478562,grape,grape,/home/featurize/data/val/grape/30.jpg
49.868095,3.5590827,grape,grape,/home/featurize/data/val/grape/35.jpg
50.798817,3.0934806,grape,grape,/home/featurize/data/val/grape/39.jpeg
47.152752,4.474971,grape,CherryTomatoes,/home/featurize/data/val/grape/46.jpg
52.754932,2.0655708,grape,grape,/home/featurize/data/val/grape/50.jpg
53.919117,1.330155,grape,grape,/home/featurize/data/val/grape/53.png
48.315205,6.67061,grape,grape,/home/featurize/data/val/grape/56.png
57.452847,-0.79157954,grape,grape,/home/featurize/data/val/grape/57.jpeg
54.41381,2.2855198,grape,grape,/home/featurize/data/val/grape/58.jpg
52.855515,3.734805,grape,grape,/home/featurize/data/val/grape/59.jpg
55.771324,2.0328202,grape,grape,/home/featurize/data/val/grape/61.jpg
44.288643,5.9630466,grape,grape,/home/featurize/data/val/grape/68.jpg
55.28333,-0.5243226,grape,grape,/home/featurize/data/val/grape/7.jpg
48.507023,4.0818415,grape,grape,/home/featurize/data/val/grape/71.jpg
57.679398,-1.4397262,grape,grape,/home/featurize/data/val/grape/75.jpg
57.447727,-2.1095333,grape,grape,/home/featurize/data/val/grape/76.jpg
52.45257,3.132418,grape,grape,/home/featurize/data/val/grape/8.jpg
50.67626,6.138161,grape,cherries,/home/featurize/data/val/grape/84.png
28.15061,12.825235,grape,CherryTomatoes,/home/featurize/data/val/grape/85.jpg
57.07131,0.36276355,grape,grape,/home/featurize/data/val/grape/86.jpg
56.314262,-1.3239676,grape,grape,/home/featurize/data/val/grape/88.jpeg
44.10428,-4.3657427,grape,Mangosteen,/home/featurize/data/val/grape/89.jpg
51.501183,3.8160918,grape,grape,/home/featurize/data/val/grape/90.jpg
55.106483,0.6286163,grape,grape,/home/featurize/data/val/grape/98.jpg
-17.424189,7.189868,hamimelon,hamimelon,/home/featurize/data/val/hamimelon/106.jpg
-42.85281,-13.106258,hamimelon,pear,/home/featurize/data/val/hamimelon/109.jpg
-26.7595,2.558212,hamimelon,lemon,/home/featurize/data/val/hamimelon/114.jpg
-24.596395,19.1063,hamimelon,lemon,/home/featurize/data/val/hamimelon/116.jpg
-15.311224,-33.790283,hamimelon,kiwi,/home/featurize/data/val/hamimelon/118.png
-14.961116,7.8800354,hamimelon,hamimelon,/home/featurize/data/val/hamimelon/123.jpg
-11.048653,8.177126,hamimelon,hamimelon,/home/featurize/data/val/hamimelon/127.jpg
-24.398062,-19.501562,hamimelon,hamimelon,/home/featurize/data/val/hamimelon/129.jpg
-7.4485445,7.278369,hamimelon,pear,/home/featurize/data/val/hamimelon/131.jpg
-14.697404,7.256375,hamimelon,hamimelon,/home/featurize/data/val/hamimelon/133.jpg
-16.937975,4.657265,hamimelon,hamimelon,/home/featurize/data/val/hamimelon/136.jpg
-17.31488,21.065954,hamimelon,NavelOrange,/home/featurize/data/val/hamimelon/137.jpg
-21.152496,-20.004581,hamimelon,hamimelon,/home/featurize/data/val/hamimelon/14.jpg
-7.855478,8.913103,hamimelon,carrot,/home/featurize/data/val/hamimelon/144.jpg
-14.178281,5.635097,hamimelon,hamimelon,/home/featurize/data/val/hamimelon/145.jpg
-14.216381,8.455463,hamimelon,hamimelon,/home/featurize/data/val/hamimelon/152.jpg
-8.21046,5.989571,hamimelon,pear,/home/featurize/data/val/hamimelon/163.jpg
-16.315628,8.002712,hamimelon,hamimelon,/home/featurize/data/val/hamimelon/164.jpg
-15.231527,9.58497,hamimelon,hamimelon,/home/featurize/data/val/hamimelon/173.jpg
-34.282795,2.055541,hamimelon,lemon,/home/featurize/data/val/hamimelon/178.jpg
-28.774746,-9.705022,hamimelon,pear,/home/featurize/data/val/hamimelon/182.jpg
-7.813658,8.3508625,hamimelon,pear,/home/featurize/data/val/hamimelon/25.jpg
-11.063473,8.173659,hamimelon,hamimelon,/home/featurize/data/val/hamimelon/29.png
-14.149687,9.781692,hamimelon,hamimelon,/home/featurize/data/val/hamimelon/38.jpg
-13.022374,6.2918763,hamimelon,hamimelon,/home/featurize/data/val/hamimelon/44.jpg
-13.708112,11.548507,hamimelon,hamimelon,/home/featurize/data/val/hamimelon/46.jpg
-14.845511,-22.237318,hamimelon,cucumber,/home/featurize/data/val/hamimelon/48.jpg
-11.62024,-6.458418,hamimelon,longan,/home/featurize/data/val/hamimelon/56.jpg
-17.87092,9.295868,hamimelon,hamimelon,/home/featurize/data/val/hamimelon/63.jpg
-13.928074,11.052237,hamimelon,hamimelon,/home/featurize/data/val/hamimelon/66.jpg
-38.125042,-7.8899655,hamimelon,pear,/home/featurize/data/val/hamimelon/7.jpg
-17.006338,8.056082,hamimelon,hamimelon,/home/featurize/data/val/hamimelon/70.jpg
-14.643994,9.321292,hamimelon,hamimelon,/home/featurize/data/val/hamimelon/75.jpg
-16.66133,10.000849,hamimelon,hamimelon,/home/featurize/data/val/hamimelon/84.jpg
-11.581141,27.902748,hamimelon,NavelOrange,/home/featurize/data/val/hamimelon/9.jpg
-12.637085,6.176795,hamimelon,hamimelon,/home/featurize/data/val/hamimelon/90.jpg
-15.654061,4.98193,hamimelon,hamimelon,/home/featurize/data/val/hamimelon/91.jpg
-5.300898,-22.084501,kiwi,kiwi,/home/featurize/data/val/kiwi/101.jpg
-19.498795,-16.311155,kiwi,kiwi,/home/featurize/data/val/kiwi/113.jpg
-20.2756,-26.708971,kiwi,kiwi,/home/featurize/data/val/kiwi/118.jpeg
-29.869995,-8.7995,kiwi,longan,/home/featurize/data/val/kiwi/124.jpg
-13.861244,-35.70627,kiwi,MomordicaCharantia,/home/featurize/data/val/kiwi/127.jpg
5.595804,8.261069,kiwi,carrot,/home/featurize/data/val/kiwi/128.jpg
-22.912407,-13.57871,kiwi,pear,/home/featurize/data/val/kiwi/136.jpg
-26.85351,-10.903595,kiwi,hamimelon,/home/featurize/data/val/kiwi/144.jpg
-9.203562,-6.9585133,kiwi,pineapple,/home/featurize/data/val/kiwi/149.jpeg
-5.1890635,-22.649525,kiwi,MomordicaCharantia,/home/featurize/data/val/kiwi/167.png
-32.23025,-11.565408,kiwi,pear,/home/featurize/data/val/kiwi/17.jpg
-19.21215,-15.616558,kiwi,kiwi,/home/featurize/data/val/kiwi/188.jpg
-24.120695,-11.267864,kiwi,kiwi,/home/featurize/data/val/kiwi/192.jpeg
-8.956765,-21.846703,kiwi,MomordicaCharantia,/home/featurize/data/val/kiwi/197.jpg
-21.230526,-35.956295,kiwi,kiwi,/home/featurize/data/val/kiwi/199.jpeg
-21.028652,13.21596,kiwi,mango,/home/featurize/data/val/kiwi/32.jpg
-26.288147,-13.576947,kiwi,kiwi,/home/featurize/data/val/kiwi/34.jpg
-17.601347,-15.924731,kiwi,kiwi,/home/featurize/data/val/kiwi/38.jpeg
-29.25184,-15.05176,kiwi,kiwi,/home/featurize/data/val/kiwi/40.jpg
-26.929598,-15.810734,kiwi,hamimelon,/home/featurize/data/val/kiwi/41.jpeg
-18.493,-35.562283,kiwi,kiwi,/home/featurize/data/val/kiwi/44.jpg
-29.312271,-14.665087,kiwi,kiwi,/home/featurize/data/val/kiwi/46.jpg
39.534904,-11.807745,kiwi,Mangosteen,/home/featurize/data/val/kiwi/47.jpg
-13.399718,-37.138947,kiwi,kiwi,/home/featurize/data/val/kiwi/48.jpg
-21.501968,8.75259,kiwi,lemon,/home/featurize/data/val/kiwi/50.jpg
-26.24935,-11.167182,kiwi,pear,/home/featurize/data/val/kiwi/54.jpg
-38.92353,-17.06927,kiwi,longan,/home/featurize/data/val/kiwi/56.jpg
-39.700245,-13.934322,kiwi,pear,/home/featurize/data/val/kiwi/57.jpg
-20.620325,-36.194847,kiwi,kiwi,/home/featurize/data/val/kiwi/6.jpeg
-13.239712,-38.551838,kiwi,MomordicaCharantia,/home/featurize/data/val/kiwi/66.jpg
-33.401867,-11.461706,kiwi,pear,/home/featurize/data/val/kiwi/68.jpg
-28.652893,-14.299012,kiwi,kiwi,/home/featurize/data/val/kiwi/70.jpg
-26.398327,-9.987692,kiwi,hamimelon,/home/featurize/data/val/kiwi/77.jpg
-20.367064,-28.564104,kiwi,cucumber,/home/featurize/data/val/kiwi/92.jpg
-18.187826,-14.128659,kiwi,pear,/home/featurize/data/val/kiwi/94.jpeg
-20.085949,-36.067245,kiwi,kiwi,/home/featurize/data/val/kiwi/96.jpg
-15.893686,-35.892296,kiwi,kiwi,/home/featurize/data/val/kiwi/99.jpg
-28.465738,2.431895,lemon,lemon,/home/featurize/data/val/lemon/104.jpeg
-32.30305,1.237806,lemon,pear,/home/featurize/data/val/lemon/106.jpg
-36.406063,10.348507,lemon,lemon,/home/featurize/data/val/lemon/11.jpg
-35.321796,13.605876,lemon,mango,/home/featurize/data/val/lemon/12.jpg
-22.916906,-6.950541,lemon,pear,/home/featurize/data/val/lemon/129.jpeg
-37.973003,7.1019497,lemon,lemon,/home/featurize/data/val/lemon/132.jpg
-29.259766,6.431287,lemon,lemon,/home/featurize/data/val/lemon/142.jpg
-29.049772,0.5541909,lemon,lemon,/home/featurize/data/val/lemon/144.jpg
-8.766947,-0.97104484,lemon,pineapple,/home/featurize/data/val/lemon/145.jpg
-22.205309,16.253595,lemon,lemon,/home/featurize/data/val/lemon/146.jpg
-24.155304,5.2490544,lemon,lemon,/home/featurize/data/val/lemon/15.jpg
-29.616419,-0.18605174,lemon,lemon,/home/featurize/data/val/lemon/152.jpg
-24.82824,6.0800767,lemon,lemon,/home/featurize/data/val/lemon/160.jpg
-29.582748,4.2810564,lemon,lemon,/home/featurize/data/val/lemon/166.jpg
-30.78917,6.7362247,lemon,lemon,/home/featurize/data/val/lemon/173.jpg
-34.79454,3.707936,lemon,lemon,/home/featurize/data/val/lemon/186.jpeg
-37.089485,3.5878062,lemon,lemon,/home/featurize/data/val/lemon/190.jpeg
-35.66112,-2.6373656,lemon,apple,/home/featurize/data/val/lemon/36.jpg
-29.869411,7.6760554,lemon,lemon,/home/featurize/data/val/lemon/37.jpg
-31.994513,3.9339566,lemon,lemon,/home/featurize/data/val/lemon/4.jpg
-31.820498,-0.7523408,lemon,lemon,/home/featurize/data/val/lemon/41.jpg
-32.946407,2.1456027,lemon,lemon,/home/featurize/data/val/lemon/46.jpg
-22.407171,6.5710163,lemon,lemon,/home/featurize/data/val/lemon/66.jpeg
-22.711155,0.0027245162,lemon,lemon,/home/featurize/data/val/lemon/80.jpg
-36.673027,3.702831,lemon,lemon,/home/featurize/data/val/lemon/82.jpg
-30.623516,3.5735726,lemon,lemon,/home/featurize/data/val/lemon/87.jpg
-24.245674,-0.28178364,lemon,lemon,/home/featurize/data/val/lemon/91.jpg
-30.924927,0.7007076,lemon,lemon,/home/featurize/data/val/lemon/93.jpg
-23.383638,-6.024404,lemon,lemon,/home/featurize/data/val/lemon/98.jpg
21.727102,1.8116106,lichee,lichee,/home/featurize/data/val/lichee/103.jpg
30.212866,-6.98056,lichee,pomegranate,/home/featurize/data/val/lichee/109.jpeg
29.117992,12.895213,lichee,CherryTomatoes,/home/featurize/data/val/lichee/11.jpeg
-34.382877,-4.0641713,lichee,pear,/home/featurize/data/val/lichee/110.jpg
26.406635,-10.36248,lichee,lichee,/home/featurize/data/val/lichee/113.jpg
30.938135,10.87326,lichee,Sandsugaroranges,/home/featurize/data/val/lichee/12.jpg
30.38387,-5.9395714,lichee,pomegranate,/home/featurize/data/val/lichee/128.jpg
28.39239,-4.05849,lichee,lichee,/home/featurize/data/val/lichee/130.jpg
29.780602,-10.320001,lichee,lichee,/home/featurize/data/val/lichee/139.jpg
38.78122,-7.7839074,lichee,Mangosteen,/home/featurize/data/val/lichee/144.jpg
49.707314,7.172917,lichee,cherries,/home/featurize/data/val/lichee/153.jpg
35.764194,9.425674,lichee,lichee,/home/featurize/data/val/lichee/16.jpeg
24.52777,4.418008,lichee,pitaya,/home/featurize/data/val/lichee/164.jpg
29.33049,-2.326281,lichee,strawberry,/home/featurize/data/val/lichee/166.jpg
33.44349,-7.6110897,lichee,lichee,/home/featurize/data/val/lichee/167.jpg
32.68297,13.924757,lichee,CherryTomatoes,/home/featurize/data/val/lichee/170.jpg
32.169888,-12.128382,lichee,lichee,/home/featurize/data/val/lichee/185.jpg
26.654818,4.900335,lichee,CherryTomatoes,/home/featurize/data/val/lichee/186.jpg
42.844074,7.5374546,lichee,pomegranate,/home/featurize/data/val/lichee/193.jpg
42.5933,-6.6690474,lichee,Mangosteen,/home/featurize/data/val/lichee/196.jpeg
34.764996,-10.316578,lichee,lichee,/home/featurize/data/val/lichee/22.jpg
33.75574,14.355799,lichee,CherryTomatoes,/home/featurize/data/val/lichee/24.jpg
20.199331,1.9243499,lichee,Mangosteen,/home/featurize/data/val/lichee/30.jpg
34.739273,-6.053777,lichee,lichee,/home/featurize/data/val/lichee/34.jpeg
26.18844,-7.1056185,lichee,apple,/home/featurize/data/val/lichee/43.jpg
30.385948,-8.979831,lichee,lichee,/home/featurize/data/val/lichee/47.jpg
34.146076,-6.8608093,lichee,lichee,/home/featurize/data/val/lichee/49.jpg
34.878788,-11.314588,lichee,lichee,/home/featurize/data/val/lichee/55.jpg
49.814365,-1.8031704,lichee,grape,/home/featurize/data/val/lichee/58.jpeg
32.943222,-7.724274,lichee,lichee,/home/featurize/data/val/lichee/6.jpg
30.961824,0.4247995,lichee,strawberry,/home/featurize/data/val/lichee/62.jpg
32.19774,-11.76208,lichee,lichee,/home/featurize/data/val/lichee/66.jpg
29.609554,-9.498346,lichee,lichee,/home/featurize/data/val/lichee/70.jpg
30.736292,-7.6571608,lichee,lichee,/home/featurize/data/val/lichee/72.jpg
20.179968,2.449198,lichee,tomato,/home/featurize/data/val/lichee/73.jpg
34.268494,-8.259973,lichee,lichee,/home/featurize/data/val/lichee/84.jpg
28.105427,-6.1126885,lichee,pomegranate,/home/featurize/data/val/lichee/89.jpg
29.35175,-8.207043,lichee,lichee,/home/featurize/data/val/lichee/91.jpeg
-34.778614,-15.711653,longan,longan,/home/featurize/data/val/longan/101.jpg
-34.386875,-11.572612,longan,longan,/home/featurize/data/val/longan/102.jpg
-42.13129,-19.196278,longan,longan,/home/featurize/data/val/longan/109.jpg
-36.71821,-15.51033,longan,longan,/home/featurize/data/val/longan/122.jpg
-42.196728,-13.969968,longan,longan,/home/featurize/data/val/longan/135.jpg
-35.886303,-15.466174,longan,longan,/home/featurize/data/val/longan/138.jpg
-40.19166,-15.294545,longan,longan,/home/featurize/data/val/longan/144.jpg
-41.729733,-16.237566,longan,longan,/home/featurize/data/val/longan/145.jpeg
-41.382538,-15.127799,longan,longan,/home/featurize/data/val/longan/151.jpg
-19.154997,-8.022538,longan,longan,/home/featurize/data/val/longan/152.jpg
39.590675,-9.200634,longan,Mangosteen,/home/featurize/data/val/longan/157.jpg
-39.01063,-16.229975,longan,pear,/home/featurize/data/val/longan/168.jpeg
-43.279396,-17.201494,longan,longan,/home/featurize/data/val/longan/17.jpg
-36.625935,-14.10511,longan,longan,/home/featurize/data/val/longan/178.jpg
-44.298977,-18.460945,longan,longan,/home/featurize/data/val/longan/184.jpg
-13.701327,-12.818741,longan,longan,/home/featurize/data/val/longan/185.jpg
43.234425,0.032005932,longan,cherries,/home/featurize/data/val/longan/187.jpeg
-43.927788,-19.125717,longan,longan,/home/featurize/data/val/longan/191.jpg
-38.766624,-14.753708,longan,longan,/home/featurize/data/val/longan/193.jpg
-39.52078,-17.928959,longan,longan,/home/featurize/data/val/longan/2.jpg
-35.540432,-16.463198,longan,longan,/home/featurize/data/val/longan/22.jpeg
-11.125153,21.129095,longan,NavelOrange,/home/featurize/data/val/longan/26.png
-42.25063,-19.896248,longan,longan,/home/featurize/data/val/longan/29.jpg
-38.299168,-13.409342,longan,pear,/home/featurize/data/val/longan/35.jpg
-14.603485,-13.211158,longan,longan,/home/featurize/data/val/longan/4.jpg
-40.740124,-14.232139,longan,pear,/home/featurize/data/val/longan/42.jpg
-36.615425,-16.414719,longan,longan,/home/featurize/data/val/longan/48.jpg
-39.927788,-11.002998,longan,pear,/home/featurize/data/val/longan/49.jpg
-32.43091,-14.08631,longan,kiwi,/home/featurize/data/val/longan/52.jpg
-36.98102,-15.168093,longan,longan,/home/featurize/data/val/longan/60.jpg
-39.815517,-13.066147,longan,pear,/home/featurize/data/val/longan/66.jpg
-41.259197,-20.358978,longan,longan,/home/featurize/data/val/longan/73.jpg
-16.296223,-12.0364065,longan,longan,/home/featurize/data/val/longan/79.jpg
-33.45792,-7.488688,longan,banana,/home/featurize/data/val/longan/82.jpg
-41.301075,-18.15633,longan,longan,/home/featurize/data/val/longan/87.jpeg
-40.467438,-11.342364,longan,pear,/home/featurize/data/val/longan/88.jpeg
-15.795217,-12.758989,longan,longan,/home/featurize/data/val/longan/90.jpeg
-43.745964,-18.235823,longan,longan,/home/featurize/data/val/longan/99.jpg
-34.227413,1.0269107,mango,pear,/home/featurize/data/val/mango/1.jpg
-30.74399,13.494435,mango,pear,/home/featurize/data/val/mango/101.jpg
-11.624658,19.994444,mango,mango,/home/featurize/data/val/mango/108.jpeg
-18.747118,17.46878,mango,mango,/home/featurize/data/val/mango/110.jpg
-37.042168,6.532519,mango,lemon,/home/featurize/data/val/mango/111.jpg
-30.208122,9.702172,mango,mango,/home/featurize/data/val/mango/152.jpg
-27.850777,-12.87887,mango,pear,/home/featurize/data/val/mango/167.jpg
-21.482128,18.097095,mango,mango,/home/featurize/data/val/mango/172.jpg
-13.441714,-21.730518,mango,cucumber,/home/featurize/data/val/mango/173.jpeg
-22.36566,25.011236,mango,mango,/home/featurize/data/val/mango/176.jpeg
-14.472007,-24.35668,mango,cucumber,/home/featurize/data/val/mango/177.jpeg
-34.061714,11.069386,mango,mango,/home/featurize/data/val/mango/18.jpg
-13.442467,-21.731167,mango,cucumber,/home/featurize/data/val/mango/182.jpeg
-22.36566,25.011236,mango,mango,/home/featurize/data/val/mango/185.jpeg
-28.381165,-3.3296928,mango,pear,/home/featurize/data/val/mango/187.jpg
-13.633271,16.715733,mango,mango,/home/featurize/data/val/mango/189.jpg
-24.342766,-6.1966352,mango,mango,/home/featurize/data/val/mango/198.jpg
21.455597,-8.08871,mango,mango,/home/featurize/data/val/mango/199.jpeg
-20.835634,22.947987,mango,mango,/home/featurize/data/val/mango/21.jpg
-22.66777,23.662859,mango,mango,/home/featurize/data/val/mango/23.jpg
-22.845388,1.0581048,mango,lemon,/home/featurize/data/val/mango/24.jpg
-9.240883,13.994823,mango,pear,/home/featurize/data/val/mango/30.jpg
-39.93873,4.2441344,mango,cucumber,/home/featurize/data/val/mango/36.jpg
-21.27798,23.506681,mango,mango,/home/featurize/data/val/mango/40.jpg
-26.356016,17.242876,mango,mango,/home/featurize/data/val/mango/47.jpg
-30.74399,13.494435,mango,pear,/home/featurize/data/val/mango/55.jpg
-19.35844,3.4034796,mango,NavelOrange,/home/featurize/data/val/mango/58.jpg
-35.82998,9.98434,mango,mango,/home/featurize/data/val/mango/6.jpg
-19.939774,19.027714,mango,mango,/home/featurize/data/val/mango/66.jpg
-18.36225,18.631214,mango,mango,/home/featurize/data/val/mango/73.jpg
-31.723106,14.719515,mango,mango,/home/featurize/data/val/mango/8.jpg
-20.666513,24.177866,mango,mango,/home/featurize/data/val/mango/90.jpg
-27.104588,-1.0887257,mango,mango,/home/featurize/data/val/mango/95.jpg
-29.311773,-4.6657662,pear,cucumber,/home/featurize/data/val/pear/1.jpg
-29.812475,-3.5555735,pear,pear,/home/featurize/data/val/pear/11.jpg
-38.13448,-6.290509,pear,pear,/home/featurize/data/val/pear/112.jpg
-37.165836,-8.098667,pear,pear,/home/featurize/data/val/pear/114.jpg
-35.571877,-6.4566703,pear,pear,/home/featurize/data/val/pear/116.jpg
-38.43961,-10.178666,pear,pear,/home/featurize/data/val/pear/119.jpg
-32.653595,-5.4627156,pear,pear,/home/featurize/data/val/pear/12.jpg
-10.423218,16.098705,pear,pear,/home/featurize/data/val/pear/127.jpg
-36.686996,-6.3294024,pear,pear,/home/featurize/data/val/pear/132.jpg
-34.60867,-6.0393085,pear,pear,/home/featurize/data/val/pear/133.jpg
-36.52382,-7.683422,pear,pear,/home/featurize/data/val/pear/135.jpg
-38.50457,-11.052158,pear,pear,/home/featurize/data/val/pear/138.jpg
48.35696,-4.700702,pear,pitaya,/home/featurize/data/val/pear/150.jpg
-29.89552,-3.9104671,pear,pear,/home/featurize/data/val/pear/170.jpg
-17.124632,-13.779015,pear,longan,/home/featurize/data/val/pear/174.jpeg
-26.329576,-7.925919,pear,pear,/home/featurize/data/val/pear/186.jpg
-27.18174,-6.247955,pear,hamimelon,/home/featurize/data/val/pear/19.jpg
-24.968351,-8.259055,pear,pear,/home/featurize/data/val/pear/190.jpg
-24.552721,-2.1822987,pear,pear,/home/featurize/data/val/pear/197.jpg
-26.352741,-7.934275,pear,pear,/home/featurize/data/val/pear/199.jpg
-22.037523,-10.675315,pear,pear,/home/featurize/data/val/pear/22.jpg
-7.5589614,7.1115336,pear,pear,/home/featurize/data/val/pear/23.jpg
-23.308647,-9.733384,pear,pear,/home/featurize/data/val/pear/27.jpg
-35.83566,-5.627289,pear,pear,/home/featurize/data/val/pear/28.jpg
-31.981462,8.909473,pear,mango,/home/featurize/data/val/pear/34.jpg
-21.0307,-3.4696908,pear,apple,/home/featurize/data/val/pear/43.jpg
-36.3097,-8.370954,pear,pear,/home/featurize/data/val/pear/54.jpeg
-28.882534,-10.453108,pear,pear,/home/featurize/data/val/pear/55.jpg
-13.916757,-15.411354,pear,mango,/home/featurize/data/val/pear/68.jpg
-35.446533,-14.315094,pear,pear,/home/featurize/data/val/pear/69.jpg
-18.456484,-14.822167,pear,kiwi,/home/featurize/data/val/pear/73.jpg
-38.373775,-15.957119,pear,longan,/home/featurize/data/val/pear/76.jpg
19.036156,-1.1043875,pear,pomegranate,/home/featurize/data/val/pear/77.jpg
-22.874897,4.700172,pear,mango,/home/featurize/data/val/pear/82.jpg
-9.839223,-21.383545,pear,pear,/home/featurize/data/val/pear/85.jpg
-31.32937,-6.4654512,pear,pear,/home/featurize/data/val/pear/87.jpg
-27.223848,-1.0222664,pear,mango,/home/featurize/data/val/pear/92.jpg
-26.686003,5.3412986,pineapple,lemon,/home/featurize/data/val/pineapple/105.jpg
-10.923818,-2.0359168,pineapple,pineapple,/home/featurize/data/val/pineapple/107.jpeg
-9.672192,-0.91522706,pineapple,pineapple,/home/featurize/data/val/pineapple/108.jpeg
-7.240307,-1.4583036,pineapple,pineapple,/home/featurize/data/val/pineapple/115.jpg
-19.318546,2.3544028,pineapple,pineapple,/home/featurize/data/val/pineapple/132.jpg
22.139479,-27.497692,pineapple,pineapple,/home/featurize/data/val/pineapple/134.jpeg
-20.96516,15.7118435,pineapple,NavelOrange,/home/featurize/data/val/pineapple/135.jpg
-23.650675,0.78829473,pineapple,mango,/home/featurize/data/val/pineapple/14.jpg
-12.67652,-12.675952,pineapple,pineapple,/home/featurize/data/val/pineapple/143.jpeg
-7.043659,-3.847566,pineapple,pineapple,/home/featurize/data/val/pineapple/151.jpg
-25.428864,7.81855,pineapple,pineapple,/home/featurize/data/val/pineapple/155.jpg
-8.502407,-4.1591997,pineapple,pineapple,/home/featurize/data/val/pineapple/16.jpeg
-16.461878,-5.2039332,pineapple,pineapple,/home/featurize/data/val/pineapple/161.jpeg
-4.66543,-4.715122,pineapple,pineapple,/home/featurize/data/val/pineapple/168.jpg
-34.410507,10.117201,pineapple,mango,/home/featurize/data/val/pineapple/17.jpg
-21.801182,14.802745,pineapple,pineapple,/home/featurize/data/val/pineapple/171.jpg
-8.67092,-3.1049387,pineapple,pineapple,/home/featurize/data/val/pineapple/172.jpg
-9.698278,-4.6355314,pineapple,pineapple,/home/featurize/data/val/pineapple/174.jpg
-5.2343683,-3.3425984,pineapple,pineapple,/home/featurize/data/val/pineapple/179.jpg
-20.139446,14.31501,pineapple,pineapple,/home/featurize/data/val/pineapple/183.jpeg
-21.127293,-21.564335,pineapple,pineapple,/home/featurize/data/val/pineapple/188.jpg
-4.999309,-1.3986975,pineapple,pineapple,/home/featurize/data/val/pineapple/190.jpg
-8.091361,-0.72119105,pineapple,pineapple,/home/featurize/data/val/pineapple/195.jpg
-16.527847,1.121843,pineapple,NavelOrange,/home/featurize/data/val/pineapple/24.jpg
-20.016247,0.002413772,pineapple,durian,/home/featurize/data/val/pineapple/26.jpg
-4.583684,-2.5042837,pineapple,pineapple,/home/featurize/data/val/pineapple/30.jpg
-6.695053,-2.1970127,pineapple,pineapple,/home/featurize/data/val/pineapple/35.jpeg
-7.6806736,-4.6216836,pineapple,pineapple,/home/featurize/data/val/pineapple/40.jpg
-8.858055,-6.9253936,pineapple,pineapple,/home/featurize/data/val/pineapple/41.jpeg
-12.903649,-14.838576,pineapple,mango,/home/featurize/data/val/pineapple/52.jpg
-9.432645,-5.3816953,pineapple,pineapple,/home/featurize/data/val/pineapple/55.jpeg
-33.75598,6.962586,pineapple,mango,/home/featurize/data/val/pineapple/72.jpg
-24.614525,0.739758,pineapple,lemon,/home/featurize/data/val/pineapple/79.jpg
-5.403046,-4.163468,pineapple,pineapple,/home/featurize/data/val/pineapple/8.jpg
-26.594774,4.2482204,pineapple,lemon,/home/featurize/data/val/pineapple/97.jpg
-8.757027,-2.2934706,pineapple,pineapple,/home/featurize/data/val/pineapple/98.jpg
-1.224199,-30.18045,pineapple,NavelOrange,/home/featurize/data/val/pineapple/99.png
31.819025,-30.580097,pitaya,pitaya,/home/featurize/data/val/pitaya/103.jpg
30.460949,-31.73185,pitaya,pitaya,/home/featurize/data/val/pitaya/106.jpg
27.066122,-28.588314,pitaya,pitaya,/home/featurize/data/val/pitaya/109.jpg
26.211897,-26.80097,pitaya,pitaya,/home/featurize/data/val/pitaya/113.jpg
29.554964,-28.424723,pitaya,pitaya,/home/featurize/data/val/pitaya/114.jpg
29.928123,-30.66285,pitaya,pitaya,/home/featurize/data/val/pitaya/118.jpg
28.00205,-28.831398,pitaya,pitaya,/home/featurize/data/val/pitaya/13.jpg
19.836176,-4.3794436,pitaya,pitaya,/home/featurize/data/val/pitaya/138.jpg
24.184816,-27.749535,pitaya,pitaya,/home/featurize/data/val/pitaya/153.jpg
29.150017,-30.06549,pitaya,pitaya,/home/featurize/data/val/pitaya/163.jpg
25.591055,-30.056435,pitaya,pitaya,/home/featurize/data/val/pitaya/164.jpg
31.088623,-29.726278,pitaya,pitaya,/home/featurize/data/val/pitaya/172.jpg
26.135569,-25.20583,pitaya,pitaya,/home/featurize/data/val/pitaya/176.jpg
31.503439,-28.642294,pitaya,pitaya,/home/featurize/data/val/pitaya/184.jpg
33.359318,-30.478365,pitaya,pitaya,/home/featurize/data/val/pitaya/19.jpg
24.251045,-29.332376,pitaya,pitaya,/home/featurize/data/val/pitaya/191.jpg
26.465313,-27.745073,pitaya,pitaya,/home/featurize/data/val/pitaya/196.jpg
29.288881,-31.62455,pitaya,pitaya,/home/featurize/data/val/pitaya/197.jpg
27.15314,-30.831188,pitaya,pitaya,/home/featurize/data/val/pitaya/21.jpg
27.69994,-27.362133,pitaya,pitaya,/home/featurize/data/val/pitaya/23.jpg
28.0807,-29.487486,pitaya,pitaya,/home/featurize/data/val/pitaya/29.jpg
26.490986,-29.459568,pitaya,pitaya,/home/featurize/data/val/pitaya/3.jpg
31.213825,-25.861553,pitaya,pitaya,/home/featurize/data/val/pitaya/33.jpg
28.269947,-26.415003,pitaya,pitaya,/home/featurize/data/val/pitaya/34.jpg
29.475151,-25.12834,pitaya,pitaya,/home/featurize/data/val/pitaya/45.jpg
25.88793,-30.599049,pitaya,pitaya,/home/featurize/data/val/pitaya/47.jpeg
30.028967,-27.344545,pitaya,pitaya,/home/featurize/data/val/pitaya/56.jpg
28.687464,-27.830877,pitaya,pitaya,/home/featurize/data/val/pitaya/60.jpg
27.79967,-28.02715,pitaya,pitaya,/home/featurize/data/val/pitaya/64.jpg
23.651846,-7.208678,pitaya,pomegranate,/home/featurize/data/val/pitaya/70.jpg
28.336239,-25.031935,pitaya,pitaya,/home/featurize/data/val/pitaya/76.jpeg
30.344809,-29.42162,pitaya,pitaya,/home/featurize/data/val/pitaya/78.jpg
28.055336,-30.957449,pitaya,pitaya,/home/featurize/data/val/pitaya/80.jpg
25.267561,-28.932451,pitaya,pitaya,/home/featurize/data/val/pitaya/83.jpg
32.17932,-29.68658,pitaya,pitaya,/home/featurize/data/val/pitaya/84.jpg
-4.719,-31.61797,pitaya,pomegranate,/home/featurize/data/val/pitaya/90.jpg
40.445225,7.1174273,pomegranate,pomegranate,/home/featurize/data/val/pomegranate/10.jpg
27.116102,-4.409927,pomegranate,pomegranate,/home/featurize/data/val/pomegranate/101.jpg
22.309757,5.1673455,pomegranate,watermelon,/home/featurize/data/val/pomegranate/106.jpg
27.041718,-3.6270423,pomegranate,pomegranate,/home/featurize/data/val/pomegranate/107.jpg
-5.8253813,-32.14807,pomegranate,pomegranate,/home/featurize/data/val/pomegranate/114.jpg
38.76814,4.1532936,pomegranate,pomegranate,/home/featurize/data/val/pomegranate/115.jpg
41.495697,8.530885,pomegranate,pomegranate,/home/featurize/data/val/pomegranate/12.png
33.008347,-26.928408,pomegranate,pitaya,/home/featurize/data/val/pomegranate/127.jpg
-21.744022,-23.11772,pomegranate,pineapple,/home/featurize/data/val/pomegranate/134.jpg
37.27833,5.605031,pomegranate,pomegranate,/home/featurize/data/val/pomegranate/136.jpg
48.01685,10.080888,pomegranate,pomegranate,/home/featurize/data/val/pomegranate/14.jpg
31.996029,19.383919,pomegranate,CherryTomatoes,/home/featurize/data/val/pomegranate/147.jpg
49.204746,14.346367,pomegranate,pomegranate,/home/featurize/data/val/pomegranate/155.jpeg
48.250687,14.233888,pomegranate,pomegranate,/home/featurize/data/val/pomegranate/158.jpg
38.699486,4.6525826,pomegranate,pomegranate,/home/featurize/data/val/pomegranate/174.jpeg
38.99707,6.296876,pomegranate,pomegranate,/home/featurize/data/val/pomegranate/175.jpg
35.563828,5.831651,pomegranate,pomegranate,/home/featurize/data/val/pomegranate/179.jpg
48.90373,15.546564,pomegranate,pomegranate,/home/featurize/data/val/pomegranate/19.jpg
38.456203,6.2479167,pomegranate,pomegranate,/home/featurize/data/val/pomegranate/2.png
48.634785,13.118163,pomegranate,pomegranate,/home/featurize/data/val/pomegranate/27.jpg
32.961464,-2.9765613,pomegranate,pomegranate,/home/featurize/data/val/pomegranate/33.jpg
36.361942,8.660563,pomegranate,pomegranate,/home/featurize/data/val/pomegranate/35.jpg
37.01101,4.509609,pomegranate,pomegranate,/home/featurize/data/val/pomegranate/43.jpeg
-8.33861,-15.587486,pomegranate,MomordicaCharantia,/home/featurize/data/val/pomegranate/44.jpg
21.945892,6.2718496,pomegranate,CherryTomatoes,/home/featurize/data/val/pomegranate/46.jpg
48.443314,11.713897,pomegranate,cherries,/home/featurize/data/val/pomegranate/49.jpg
-8.839008,-16.165066,pomegranate,pomegranate,/home/featurize/data/val/pomegranate/5.jpg
47.88798,13.702256,pomegranate,pomegranate,/home/featurize/data/val/pomegranate/55.jpg
17.163078,13.199457,pomegranate,CherryTomatoes,/home/featurize/data/val/pomegranate/6.jpg
37.295666,2.391919,pomegranate,pomegranate,/home/featurize/data/val/pomegranate/60.jpg
43.95484,9.719961,pomegranate,pomegranate,/home/featurize/data/val/pomegranate/66.jpg
39.96292,4.8414507,pomegranate,pomegranate,/home/featurize/data/val/pomegranate/67.jpg
39.819084,3.8286524,pomegranate,pomegranate,/home/featurize/data/val/pomegranate/77.jpg
41.877224,7.191711,pomegranate,pomegranate,/home/featurize/data/val/pomegranate/80.jpg
49.853443,6.196315,pomegranate,cherries,/home/featurize/data/val/pomegranate/84.jpg
-6.4766917,-34.149998,pomegranate,MomordicaCharantia,/home/featurize/data/val/pomegranate/88.jpg
15.920097,8.493962,pomegranate,pomegranate,/home/featurize/data/val/pomegranate/89.jpg
28.541552,15.143838,strawberry,CherryTomatoes,/home/featurize/data/val/strawberry/101.jpeg
27.58941,5.549492,strawberry,strawberry,/home/featurize/data/val/strawberry/110.jpg
25.403526,8.462705,strawberry,CherryTomatoes,/home/featurize/data/val/strawberry/113.jpg
23.928232,7.2453923,strawberry,strawberry,/home/featurize/data/val/strawberry/116.jpg
7.9731035,18.4578,strawberry,strawberry,/home/featurize/data/val/strawberry/124.jpg
25.389486,4.1698203,strawberry,pitaya,/home/featurize/data/val/strawberry/127.jpg
30.328602,-3.429424,strawberry,strawberry,/home/featurize/data/val/strawberry/138.jpeg
-3.5760715,-31.53461,strawberry,strawberry,/home/featurize/data/val/strawberry/140.jpg
44.055836,7.5327034,strawberry,pomegranate,/home/featurize/data/val/strawberry/151.jpg
24.662548,6.403161,strawberry,strawberry,/home/featurize/data/val/strawberry/152.jpg
30.387888,5.1307163,strawberry,strawberry,/home/featurize/data/val/strawberry/155.jpg
32.12238,17.666122,strawberry,CherryTomatoes,/home/featurize/data/val/strawberry/157.jpg
29.511196,5.9692373,strawberry,tomato,/home/featurize/data/val/strawberry/166.jpeg
23.692902,8.243208,strawberry,strawberry,/home/featurize/data/val/strawberry/180.jpg
0.21901314,23.516106,strawberry,Sandsugaroranges,/home/featurize/data/val/strawberry/182.jpg
2.939803,-10.820784,strawberry,watermelon,/home/featurize/data/val/strawberry/188.jpg
20.383146,12.5618515,strawberry,CherryTomatoes,/home/featurize/data/val/strawberry/192.jpg
35.076332,5.297329,strawberry,pomegranate,/home/featurize/data/val/strawberry/196.jpg
30.486687,4.824151,strawberry,strawberry,/home/featurize/data/val/strawberry/199.jpg
32.80822,0.70634663,strawberry,strawberry,/home/featurize/data/val/strawberry/22.jpg
33.546684,1.1960477,strawberry,strawberry,/home/featurize/data/val/strawberry/29.jpg
20.616276,14.82577,strawberry,CherryTomatoes,/home/featurize/data/val/strawberry/31.jpg
28.316929,-8.275012,strawberry,pomegranate,/home/featurize/data/val/strawberry/34.jpg
32.602005,-2.1522202,strawberry,strawberry,/home/featurize/data/val/strawberry/35.jpg
30.168053,-0.86851287,strawberry,CherryTomatoes,/home/featurize/data/val/strawberry/40.jpg
27.98749,1.5719073,strawberry,strawberry,/home/featurize/data/val/strawberry/47.jpg
29.867702,6.5848365,strawberry,tomato,/home/featurize/data/val/strawberry/56.jpeg
30.484121,3.5898116,strawberry,strawberry,/home/featurize/data/val/strawberry/66.jpg
14.247891,17.784946,strawberry,pomegranate,/home/featurize/data/val/strawberry/67.jpg
32.38028,-2.0425885,strawberry,pomegranate,/home/featurize/data/val/strawberry/69.jpg
25.125702,-3.6146762,strawberry,watermelon,/home/featurize/data/val/strawberry/73.jpg
33.221375,2.526649,strawberry,strawberry,/home/featurize/data/val/strawberry/76.jpg
25.150454,24.997074,strawberry,CherryTomatoes,/home/featurize/data/val/strawberry/78.jpeg
27.123814,6.7585917,strawberry,tomato,/home/featurize/data/val/strawberry/8.jpg
31.73521,13.645805,strawberry,CherryTomatoes,/home/featurize/data/val/strawberry/82.jpg
30.797943,1.813653,strawberry,strawberry,/home/featurize/data/val/strawberry/83.jpeg
28.411915,3.0815754,strawberry,strawberry,/home/featurize/data/val/strawberry/88.jpg
30.579742,0.38349172,strawberry,strawberry,/home/featurize/data/val/strawberry/92.jpg
21.749857,19.753973,tomato,CherryTomatoes,/home/featurize/data/val/tomato/100.jpg
24.849188,10.826005,tomato,tomato,/home/featurize/data/val/tomato/101.jpg
25.449755,17.905142,tomato,CherryTomatoes,/home/featurize/data/val/tomato/108.jpg
24.211481,22.135965,tomato,CherryTomatoes,/home/featurize/data/val/tomato/11.jpg
25.939146,12.599196,tomato,pomegranate,/home/featurize/data/val/tomato/116.jpg
19.585463,20.064638,tomato,CherryTomatoes,/home/featurize/data/val/tomato/122.jpg
26.5753,13.616745,tomato,tomato,/home/featurize/data/val/tomato/124.jpeg
23.61997,19.999445,tomato,tomato,/home/featurize/data/val/tomato/128.jpg
16.965498,19.317749,tomato,CherryTomatoes,/home/featurize/data/val/tomato/138.jpg
-2.795073,26.275557,tomato,Sandsugaroranges,/home/featurize/data/val/tomato/143.jpg
25.45522,13.6776285,tomato,tomato,/home/featurize/data/val/tomato/145.jpg
27.99855,16.311823,tomato,CherryTomatoes,/home/featurize/data/val/tomato/147.jpg
25.460222,22.99399,tomato,CherryTomatoes,/home/featurize/data/val/tomato/152.jpg
21.05617,25.074005,tomato,tomato,/home/featurize/data/val/tomato/156.jpg
26.011744,20.33457,tomato,CherryTomatoes,/home/featurize/data/val/tomato/166.jpg
24.046005,18.586206,tomato,tomato,/home/featurize/data/val/tomato/170.jpeg
19.489626,23.460266,tomato,tomato,/home/featurize/data/val/tomato/172.jpeg
22.808195,24.815498,tomato,tomato,/home/featurize/data/val/tomato/179.jpg
25.29061,19.481236,tomato,CherryTomatoes,/home/featurize/data/val/tomato/18.jpg
18.85154,20.860994,tomato,tomato,/home/featurize/data/val/tomato/183.jpg
23.513962,14.102945,tomato,tomato,/home/featurize/data/val/tomato/194.jpg
26.524786,22.012953,tomato,CherryTomatoes,/home/featurize/data/val/tomato/20.jpg
24.943018,9.712627,tomato,tomato,/home/featurize/data/val/tomato/22.jpg
16.627876,22.513538,tomato,CherryTomatoes,/home/featurize/data/val/tomato/23.jpg
22.511585,26.1747,tomato,tomato,/home/featurize/data/val/tomato/34.jpg
22.92199,23.377598,tomato,tomato,/home/featurize/data/val/tomato/35.jpg
23.97546,15.949707,tomato,CherryTomatoes,/home/featurize/data/val/tomato/45.jpg
-15.547691,-13.99989,tomato,pomegranate,/home/featurize/data/val/tomato/48.jpg
20.986023,24.566595,tomato,tomato,/home/featurize/data/val/tomato/50.jpg
25.002762,20.395159,tomato,tomato,/home/featurize/data/val/tomato/55.jpg
23.286066,19.331917,tomato,tomato,/home/featurize/data/val/tomato/57.jpg
22.273405,24.086245,tomato,tomato,/home/featurize/data/val/tomato/60.jpg
17.618773,18.493652,tomato,CherryTomatoes,/home/featurize/data/val/tomato/68.jpg
19.500097,19.362825,tomato,CherryTomatoes,/home/featurize/data/val/tomato/91.jpg
1.6515609,20.268972,tomato,NavelOrange,/home/featurize/data/val/tomato/94.jpg
30.575253,19.4756,tomato,CherryTomatoes,/home/featurize/data/val/tomato/95.jpg
12.077041,-13.941782,watermelon,watermelon,/home/featurize/data/val/watermelon/104.jpeg
9.747152,-14.273806,watermelon,watermelon,/home/featurize/data/val/watermelon/108.jpg
7.402827,18.499846,watermelon,Sandsugaroranges,/home/featurize/data/val/watermelon/112.jpg
11.08335,-17.482944,watermelon,watermelon,/home/featurize/data/val/watermelon/122.jpg
8.943453,-12.568966,watermelon,watermelon,/home/featurize/data/val/watermelon/127.jpg
9.092569,-14.3188305,watermelon,watermelon,/home/featurize/data/val/watermelon/132.jpeg
-18.636946,-27.770723,watermelon,cucumber,/home/featurize/data/val/watermelon/134.jpg
22.442936,18.396908,watermelon,CherryTomatoes,/home/featurize/data/val/watermelon/139.jpg
10.317323,-16.008297,watermelon,watermelon,/home/featurize/data/val/watermelon/14.jpg
-8.5936575,-34.967854,watermelon,cucumber,/home/featurize/data/val/watermelon/142.jpeg
11.875799,-16.041529,watermelon,watermelon,/home/featurize/data/val/watermelon/148.jpeg
24.24733,5.548966,watermelon,watermelon,/home/featurize/data/val/watermelon/150.jpg
-17.768335,-20.38789,watermelon,cucumber,/home/featurize/data/val/watermelon/168.jpg
27.255178,-0.6539308,watermelon,strawberry,/home/featurize/data/val/watermelon/170.jpeg
12.840543,-16.513565,watermelon,watermelon,/home/featurize/data/val/watermelon/171.jpg
7.437411,-13.210657,watermelon,hamimelon,/home/featurize/data/val/watermelon/180.jpg
24.66223,-27.180912,watermelon,pitaya,/home/featurize/data/val/watermelon/182.jpg
-10.946137,-22.914593,watermelon,MomordicaCharantia,/home/featurize/data/val/watermelon/185.jpeg
19.414103,-6.239283,watermelon,apple,/home/featurize/data/val/watermelon/187.jpg
16.80032,9.004449,watermelon,pomegranate,/home/featurize/data/val/watermelon/189.jpg
-5.9420786,-28.086967,watermelon,watermelon,/home/featurize/data/val/watermelon/198.jpg
23.080257,11.02774,watermelon,CherryTomatoes,/home/featurize/data/val/watermelon/20.jpeg
10.325511,-14.172775,watermelon,watermelon,/home/featurize/data/val/watermelon/22.jpeg
11.554322,-16.745934,watermelon,watermelon,/home/featurize/data/val/watermelon/28.jpeg
-11.205586,-23.436703,watermelon,MomordicaCharantia,/home/featurize/data/val/watermelon/34.jpg
26.991642,-0.7639302,watermelon,strawberry,/home/featurize/data/val/watermelon/35.jpg
11.581299,-14.326519,watermelon,watermelon,/home/featurize/data/val/watermelon/36.jpg
-9.757895,-34.666607,watermelon,MomordicaCharantia,/home/featurize/data/val/watermelon/39.jpg
10.230698,-12.199878,watermelon,watermelon,/home/featurize/data/val/watermelon/41.jpg
22.748852,12.748345,watermelon,watermelon,/home/featurize/data/val/watermelon/46.jpeg
10.489518,-11.695144,watermelon,watermelon,/home/featurize/data/val/watermelon/57.jpg
10.982623,-16.059668,watermelon,watermelon,/home/featurize/data/val/watermelon/58.jpg
8.644461,-12.011179,watermelon,watermelon,/home/featurize/data/val/watermelon/60.jpg
24.10039,10.053855,watermelon,tomato,/home/featurize/data/val/watermelon/69.jpg
18.532312,-7.1483536,watermelon,watermelon,/home/featurize/data/val/watermelon/72.jpg
-16.486609,-27.244928,watermelon,cucumber,/home/featurize/data/val/watermelon/87.jpg
24.234903,13.0995,watermelon,tomato,/home/featurize/data/val/watermelon/9.jpg
